<?xml version="1.0" encoding="UTF-8"?>
<addon id="skin.aeon.nox.silvo.ae" version="7.9.7" name="Aeon Nox: SiLVO AE" provider-name="SiLVO (AlexELEC)">
	<requires>
		<import addon="xbmc.gui" version="5.15.0" />
		<import addon="script.skinshortcuts" version="1.1.4" />
	</requires>
	<extension point="xbmc.gui.skin" debugging="false">
		<res width="1920" height="1080" aspect="16:9" default="true" folder="16x9" />
	</extension>
	<extension point="xbmc.addon.metadata">
		<summary lang="en_GB">Created by BigNoid, Modded by SiLVO, and Widgets by Mr. V</summary>
		<summary lang="ru_RU">Created by BigNoid, Modded by SiLVO, and Widgets by Mr. V</summary>
		<description lang="en_GB">Completely redesigned to create a modern look, while retaining the classic Aeon feel.</description>
		<description lang="ru_RU">Полностью переработан, чтобы создать современный облик, сохраняя при этом классическое чувство Aeon.</description>
		<platform>all</platform>
		<license>CC BY-NC-SA 4.0</license>
		<forum>https://forum.kodi.tv/showthread.php?tid=210069</forum>
		<website>https://github.com/mikesilvo164/Aeon-Nox-SiLVO</website>
		<source>https://github.com/mikesilvo164/Aeon-Nox-SiLVO</source>
		<assets>
			<icon>resources/icon.png</icon>
			<fanart>resources/fanart.jpg</fanart>
		</assets>
		<news>[I][COLOR FFFF9800]v7.9.7[/COLOR][/I][CR]- Add Restart Kodi to shutdown menu[CR]- Add Play programme to EPG OSD menu[CR]- xbmc.gui bump[CR]- Remove support for TV Show Next Aired and use plugin.video.themoviedb.helper[CR]- Add reboot to Android to shutdown menu[CR]- Add setting to auto hide video OSD after user chosen length of inactivity using script.skin.info.service[CR]- Remove addons not updated to work on matrix[CR]- Use script.metadata.editor instead of script.libraryeditor[CR]- Use script.xbmcbackup instead of Skin Helper Backup[CR][I][COLOR FFFF9800]v7.9.5[/COLOR][/I][CR]- Add music playlist contents for List view[CR]- Fix CinemaVision causing focus issue[CR]- Add Artist Slideshow 3.0 support[CR][CR][B]All updates may contain various changes and/or improvements[/B][CR]For a more complete list visit:[CR][I][COLOR FFFF9800]https://github.com/mikesilvo164/Aeon-Nox-SiLVO/commits/master[/COLOR][/I]</news>
	</extension>
</addon>
