<?xml version="1.0" encoding="UTF-8" standalone="yes"?>
<addon id="browser.chrome"
       name="Chrome"
       version="9.80.9.105"
       provider-name="Team AlexELEC">
  <requires>
    <import addon="xbmc.python" version="3.0.0"/>

  </requires>
  <extension point="xbmc.python.script" library="default.py">
    <provides>executable</provides>
  </extension>
  <extension point="xbmc.addon.metadata">
    <summary>Google Chrome Browser</summary>
    <description>
Google Chrome Browser
    </description>
    <disclaimer>

    </disclaimer>
    <platform>all</platform>
    <news>
105
- updated to 88.0.4324

104
- updated to 87.0.4280

103
- fix getting default audio device

102
- add dark mode at options
- support for latest Chrome

101
- fix download url

100
- initial release
    </news>
    <assets>
      <icon>resources/icon.png</icon>
      <fanart>resources/fanart.png</fanart>

    </assets>
  </extension>
</addon>
