<?xml version="1.0" encoding="UTF-8" standalone="yes"?>
<addon id="script.key.layout"
       name="Keyboard Layout"
       version="1.0.1"
       provider-name="AlexELEC">
  <requires>
    <import addon="xbmc.python" version="3.0.0"/>
  </requires>
  <extension point="xbmc.python.script" library="addon.py">
    <provides>executable</provides>
  </extension>
  <extension point="xbmc.addon.metadata">
    <summary lang="en">Keyboard Layout EN/RU</summary>
    <description lang="en">Keyboard Layout EN/RU</description>
    <language></language>
    <platform>all</platform>
    <license>GNU GENERAL PUBLIC LICENSE. Version 2, June 1991</license>
    <forum>https://forum.alexelec.tv/</forum>
    <website>https://alexelec.tv</website>
    <assets>
        <icon>icon.png</icon>
    </assets>
  </extension>
</addon>
